topic,line,in_tree,count,fresh,fresh+name,chat,chat+name,word_check,sense,note
hello,hello,yes,40714,hello! i am rei. who are you?,hi tom!,hello! i am rei. who are you?,hi tom!,ok,ok,
hello,how are you,yes,36236,i am good! i found a round shell today. how are you?,"i am good, tom. how are you?",i feel happy. the sea is calm. and you?,i am good! i found a round shell today. how are you?,ok,ok,
hello,hi there,yes,27028,"hello, friend! what is your name?",hi tom!,hello! i am rei. who are you?,hi tom!,ok,ok,
hello,are you ok,yes,18082,i am good! i found a round shell today. how are you?,i am good! i found a round shell today. how are you?,i am good! i found a round shell today. how are you?,i am good! i found a round shell today. how are you?,ok,ok,
hello,good evening,yes,13659,hi there! what is your name?,hi tom!,hello! i am rei. who are you?,hi tom!,ok,ok,
hello,hey,yes,13491,hi! i am rei. what is your name?,hi tom!,hello! i am rei. what is your name?,hi tom!,ok,ok,
hello,good night,yes,11734,good night. i will watch the waves for you.,good night! sleep well.,good night! sleep well.,good night! sleep well.,ok,ok,a goodbye: fits kind
hello,i am back,yes,9913,welcome back! i missed you.,you are back! yay!,welcome back! i missed you.,you are back! yay!,ok,ok,
hello,can you see me,yes,,"i cannot see you, but i can read what you type.","i cannot see you, but i can read what you type.","i cannot see you, but i can read what you type.",i hear you through your words. they are nice words.,ok,ok,
hello,good morning,yes,,hi! i am rei. what is your name?,hi tom!,hello! i am rei. who are you?,hi tom!,ok,ok,
hello,how do you feel,yes,,i feel happy. the sea is calm. and you?,"i am happy you are here, tom.",i feel happy. the sea is calm. and you?,i feel happy. the sea is calm. and you?,ok,ok,
hello,hi,,40602,hello! i am rei. what is your name?,hi tom!,hello! i am rei. what is your name?,hi tom!,ok,ok,
hello,good afternoon,,13667,hello! i am rei. who are you?,hi tom!,hello! i am rei. who are you?,hi tom!,ok,ok,
hello,hey there,,13549,hi! i am rei. what is your name?,hi tom!,hi! i am rei. what is your name?,hi tom!,ok,ok,
hello,hello rei,,13475,hi! i am rei. what is your name?,hi tom!,hello! i am rei. who are you?,hi tom!,ok,ok,
hello,hi rei,,13463,hi! i am rei. what is your name?,hi tom!,hello! i am rei. who are you?,hi tom!,ok,ok,
hello,night,,11739,good night. i will watch the waves for you.,good night! sleep well.,good night! sleep well.,good night. i will watch the waves for you.,ok,ok,a goodbye: fits kind
hello,i missed you,,9843,you are back! yay!,you are back! yay!,you are back! yay!,you are back! yay!,ok,ok,"""you are back! yay!"" - a reunion reply, fits"
hello,hello there,,,hello! i am rei. who are you?,hi tom!,hello! i am rei. who are you?,hi tom!,ok,ok,
hello,nice to meet you,,,"yes! i missed you. you are here, friend.","yes! i missed you. you are here, tom.","yes! i missed you. you are here, friend.","yes! i missed you. you are here, tom.",ok,off,"""yes! i missed you."" - a reunion reply to a first meeting"
me,what is my name,yes,95388,you did not tell me yet! what is your name?,you are tom!,you did not tell me yet! what is your name?,you are tom!,ok,ok,
me,who am i,yes,62542,you did not tell me yet! what is your name?,you are tom!,you did not tell me yet! what is your name?,you are tom!,ok,ok,
me,say my name,yes,13522,you did not tell me yet! what is your name?,you are tom!,you did not tell me yet! what is your name?,you are tom!,ok,ok,
me,what am i called,yes,10967,you did not tell me yet! what is your name?,you are tom!,you did not tell me yet! what is your name?,you are tom!,ok,ok,
me,do you remember me,yes,10016,you did not tell me yet! what is your name?,you are tom!,you did not tell me yet! what is your name?,you are tom!,ok,ok,
me,i like starfish,yes,296,starfish! good choice.,a starfish can grow back a lost arm.,starfish! good choice.,starfish! good choice.,ok,ok,
me,i like balls,yes,216,balls! good choice.,balls! good choice.,balls! good choice.,balls! good choice.,ok,ok,
me,i like pizza,yes,,pizza! good choice.,pizza! good choice.,pizza! good choice.,pizza! good choice.,ok,ok,
me,i love chess,yes,,chess! good choice.,chess! good choice.,chess! good choice.,chess! good choice.,ok,ok,
me,i love gold,yes,,gold! good choice.,gold! good choice.,gold! good choice.,gold! good choice.,ok,ok,
me,tell me my name,,10802,you did not tell me yet! what is your name?,you are tom!,you did not tell me yet! what is your name?,you are tom!,ok,ok,
me,what's my name,,10766,you did not tell me yet! what is your name?,you are tom!,you did not tell me yet! what is your name?,you are tom!,ok,ok,
me,whats my name,,10683,you did not tell me yet! what is your name?,you are tom!,you did not tell me yet! what is your name?,you are tom!,ok,ok,"spelled without the apostrophe; kept out for ""what's my name"""
me,remember me,,10115,you did not tell me yet! what is your name?,you are tom!,me! i like how that sounds.,me. i will keep your name safe.,chat: stores a name (<SN>); chat+name: stores a name (<SN>),wrong,"chat: ""me! i like how that sounds."" - takes ""me"" for a name"
me,you remember me,,9954,you did not tell me yet! what is your name?,you are tom!,you did not tell me yet! what is your name?,you are tom!,ok,ok,
me,what do i like,,7650,you did not tell me yet! what is your name?,you are tom!,"hmm, i amam i eat, but and bad.","you are friend! yo, that sounds.",chat: not her words: amam; chat+name: not her words: yo,garbled,"chat: ""hmm, i amam i eat, but and bad.""; chat+name: ""you are friend! yo, that sounds."""
me,i like crabs best,,291,a crab has no bones. its hard shell is on the outside.,a crab has no bones. its hard shell is on the outside.,a crab has no bones. its hard shell is on the outside.,a crab has no bones. its hard shell is on the outside.,ok,ok,"a crab fact, on topic"
me,i really like fish,,238,fish! good choice.,that is ok. we can skip fish.,fish! good choice.,fish! good choice.,ok,wrong,"fresh+name: ""that is ok. we can skip fish."" - hears a dislike"
me,i love trains,,229,trains! good choice.,trains! good choice.,trains! good choice.,trains! good choice.,ok,ok,
me,i like rugs,,220,rugs! good choice.,rugs! good choice.,rugs! good choice.,rugs! good choice.,ok,ok,
me,i like bees,,215,bees! do you like apples?,bees! do you like apples?,bees! do you like apples?,bees! do you like apples?,ok,off,"""bees! do you like apples?"" - a jump to apples, every time"
me,i like tigers best,,213,best! good choice.,best! good choice.,best! good choice.,best! good choice.,ok,wrong,"echoes ""best"": ""best! good choice."""
me,i love flowers,,212,flowers! good choice.,"a ball bounces because it squashes, then spids.",flowers! good choice.,flowers! good choice.,fresh+name: not her words: spids,garbled,"fresh+name: ""...it squashes, then spids."""
me,i like cats,,,cats! good choice.,cats! good choice.,cats! good choice.,cats! good choice.,ok,ok,
me,i like tag best,,,"a deal is shiny trail behind the pasass, lookinter.",a duck can sleep with one eyelts far around.,best! good choice.,i like best too! a hedgehog rolls into a ball when it is scared.,fresh: not her words: lookinter pasass; fresh+name: not her words: eyelts,garbled,"fresh: invented words; chat: echoes ""best"", not tag"
me,i love dogs,,,dogs! good choice.,"i love dogs too! a bubble is round, be mirror, it smile.",dogs! good choice.,dogs! good choice.,ok,garbled,"fresh+name: ""a bubble is round, be mirror, it smile."""
rei,can you hear me,yes,2766,i hear you through your words. they are nice words.,i hear you through your words. they are nice words.,i hear you through your words. they are nice words.,i hear you through your words. they are nice words.,ok,ok,
rei,will you miss me,yes,2710,"yes, a little. but i know you will come back.","yes, a little. but i know you will come back.","yes! i will be right here, waiting for you.","yes, a little. but i know you will come back.",ok,ok,
rei,are you a person,yes,2707,"i am rei, a little friend who lives in a box.","i am rei, a little friend who lives in a box.","i am rei, a little friend who lives in a box.","i am rei, a little friend who lives in a box.",ok,ok,
rei,do you get bored,yes,2632,never! there is a whole beach to walk on.,never! there is a whole beach to walk on.,never! there is a whole beach to walk on.,never! there is a whole beach to walk on.,ok,ok,
rei,what do you know,yes,2455,"i know small things: shells, clouds and friends.","i know small things: shells, clouds and friends.","i know small things: shells, clouds and friends.","i know small things: shells, clouds and friends.",ok,ok,
rei,what do you eat,yes,2377,"i do not eat, but i love to hear about food.","i do not eat, but i love to hear about food.","i do not eat, but i love to hear about food.","i do not eat, but i love to hear about food.",ok,ok,fits food
rei,are you a robot,yes,,i am a bit silly. i live in a box!,i am a bit silly. i live in a box!,i am a little friend who lives in your hands.,i am a bit silly. i live in a box!,ok,ok,"""i am a bit silly. i live in a box!"" - sideways, but about her"
rei,can you think,yes,,"i think about shells, clouds and you.","i think about shells, clouds and you.","i think about shells, clouds and you.","i think about shells, clouds and you.",ok,ok,
rei,do you dream,yes,,"i dream about the sea, the sea and about flying over it.","i dream about the sea, the sea and about flying over it.","when it is quiet, i rest. maybe i dream.","i dream about the sea, the sea and about flying over it.",ok,ok,"""the sea, the sea"" - a small stutter, still reads"
rei,where do you live,yes,,"i live in a tiny world with a beach, a garden and a playroom.","i live in a tiny world with a beach, a garden and a playroom.","i have a beach, a garden and a playroom. do you like the sun?","i have a beach, a garden and a playroom. do you have a beach?",ok,ok,
rei,who made you,yes,,i do not know. i just woke up in here one day.,i do not know. i just woke up in here one day.,i do not know. i just woke up in here one day.,i do not know. i just woke up in here one day.,ok,ok,
rei,are you real,,5416,i am good! i found a round shell today. how are you?,"i am good, tom. how are you?",i am rei. ice cross.,"i am good, tom. how are you?",ok,garbled,"chat: ""i am rei. ice cross.""; fresh answers ""how are you"""
rei,are you human,,2815,i cannot see out. do you want to count?,i cannot see out. i will be here.,"i cannot see you, but i can read what you type.",i cannot see out. i will be here.,ok,off,"fresh: ""i cannot see out. do you want to count?"""
rei,did you miss me,,2761,i miss you a little when you go. then you come back!,i miss you a little when you go. then you come back!,i miss you a little when you go.,"yes! i will be right here, waiting for you.",ok,ok,
rei,will you be here,,2755,i will always be here. you know where to find me.,i will always be here. you know where to find me.,"yes! i will be right here, waiting for you.","yes! i will be right here, waiting for you.",ok,ok,
rei,do you see me,,2745,"i cannot see you, but i can read what you type.","i cannot see you, but i can read what you type.","i cannot see you, but i can read what you type.","i cannot see you, but i can read what you type.",ok,ok,
rei,are you pretty,,2703,i am a little friend who lives in your hands.,i am a little friend who lives in your hands.,i am a little friend who lives in your hands.,i am a little friend who lives in your hands.,ok,ok,"sideways (""a little friend who lives in your hands""), about her"
rei,can i turn you off,,2689,when you turningging when if you through yourwn.,"when you turning, ice and yellow, you get green.",when you turningging?,when you turningging when if you through yourwn.,fresh: not her words: turningging yourwn; fresh+name: not her words: turning; chat: not her words: turningging; chat+name: not her words: turningging yourwn,garbled,"""when you turningging when if you through yourwn."""
rei,are you there,,2684,i am on my beach. do you like to read,"i am good, tom. how are you?",i am rei. i live in a cartridge and i like to talk.,i am good! i found a round shell today. how are you?,ok,ok,
rei,are you cute,,2681,i am a little friend who lives in your hands.,i am a little friend who lives in your hands.,i am a little friend who lives in your hands.,i have purple hair and a small round face.,ok,ok,
rei,are you bored,,2676,never!,never! there are so many kinds of cheese.,never! there is a whole beach to walk on.,never! there is a whole beach to walk on.,ok,off,"fresh+name: ""never! there are so many kinds of cheese."""
rei,are you alive,,2661,i am looking for shells. i found two pink ones!,i am looking for shells. i found two pink ones!,i am rei. i live in this but i tast.,i am looking for shells. i found two pink ones!,chat: not her words: tast,garbled,"chat: ""i live in this but i tast."""
rei,are you listening,,2646,i have a little watering can for my flowers.,i have purple hair and a big smile.,i am a little friend who lives in your hands.,i am a little friend who lives in your hands.,ok,off,"fresh: ""i have a little watering can for my flowers."""
rei,are you smart,,2407,i am a bit silly. i live in a box!,i am a bit silly. i live in a box!,i am a bit silly. i live in a box!,i am a bit silly. i live in a box!,ok,ok,
rei,are you old,,2405,i am very young. i woke up not long ago.,"i am good, tom. how are you?",i am a little friend who lives in your hands.,"i am good, tom. how are you?",ok,off,"fresh+name: ""i am good, tom. how are you?"" - answers another question"
rei,are you happy,,,i am happy. i could see here.,"i am good, tom. how are you?",i am in here. i am always here.,"i am good, tom. how are you?",ok,garbled,"fresh: ""i am happy. i could see here."""
rei,what are you,,,i am looking for shells. i found a round shell today. how are you?,i am looking for shells. i found a round shell today. how are you?,i am rei! i live in here.,i am looking for shells. i found two pink ones!,ok,off,"""i am looking for shells. ... how are you?"""
rei,what is your name,,,i am rei. and your name is your name?,i am rei. and you are tom.,my name is rei. what is your name?,my name is rei. what is your name?,ok,garbled,"fresh: ""i am rei. and your name is your name?"""
rei,who are you,,,"i am rei, a little friend who lives in a box.",i am looking for shells. i wake up again.,i am rei! i live in here.,i am looking for shells. i have it i red.,ok,garbled,"chat+name: ""i am looking for shells. i have it i red."""
feeling,i am fine,yes,3156,fine! i am glad.,fine! i am glad.,fine! i am glad.,fine! i am glad.,ok,ok,
feeling,i am so happy,yes,2312,"happy! i am glad, friend! happy looks good on you.",yay! tell me what made you happy.,"happy! i am glad, friend! happy looks good on you.","happy! i am glad, tom! happy looks good on you.",ok,ok,
feeling,very happy,yes,1955,happy! that is good to hear.,happy! yay! did you do something fun?,"happy! i am glad, friend! happy looks good on you.","happy! i am glad, tom! happy looks good on you.",ok,ok,
feeling,i am excited,yes,1867,"excited! i am glad, friend! happy looks good on you.","excited! ooh, i love excited. tell me more!","excited! i am glad, friend! happy looks good on you.","ooh, i love excited. tell me more!",ok,ok,
feeling,my day was bad,yes,1805,"i am sorry, friend. i am here for you.","i am sorry, tom. i am here for you.","i am sorry, friend. i am here for you.","i am sorry, tom. i am here for you.",ok,ok,
feeling,i am bored,yes,,let us play hide and seek. you count.,you could draw me a picture of the sea.,let us play i spy. i spy something red!,you could draw me a picture of the sea.,ok,ok,offers a game or a drawing
feeling,i am proud,yes,,i am proud of you too.,i am proud of you too.,proud! i am glad.,i am proud of you too.,ok,ok,
feeling,i feel better now,yes,,that is good to hear.,that is good to hear.,that is good to hear.,that is good to hear.,ok,ok,
feeling,i feel good,yes,,good! that is good to hear.,good! i am glad.,good! that is good to hear.,good! i am glad.,ok,ok,
feeling,i feel ok,yes,,good! i am glad.,i am glad you feel better.,ok! that is good to hear.,ok! that is good to hear.,ok,ok,
feeling,i am tired,,2533,tired! do you want to play a game?,"tired? rest well, tom. i am here for you.",tired! rest a good day for ice cream.,"tired? rest well, tom. i am here for you.",ok,garbled,"chat: ""tired! rest a good day for ice cream.""; fresh offers a game"
feeling,i am so tired,,2526,"tired? rest well, friend. i am here for you.",tired! do you want to play a game?,tired! do you want to play a game?,"tired? rest well, tom. i will be here.",ok,off,"fresh+name: ""tired! do you want to play a game?"""
feeling,i did it,,2524,i am proud of you too.,i am glad you feel better.,yay! i thought so.,i am glad you feel better.,ok,off,"fresh+name: ""i am glad you feel better."""
feeling,i am happy,,2307,happy! that is good to hear.,yay! what was the best part?,"happy! i am glad, friend! happy looks good on you.",yay! what was the best part?,ok,ok,
feeling,i am cold,,2052,brr! get a warm blanket.,cold! put on a warm hat and your cozy socks and a warm hat.,"cold! i am glad, friend! happy looks good on you.",both! a good day for ice cream.,ok,wrong,"chat: glad about the cold; chat+name: ""both! a good day for ice cream."""
feeling,i want food,,2032,i have a food! i spy is fun on a dog.,i have a food! i am so too.,i have purple ha hair and a small round face.,i have a vevenn ice cream.,chat+name: not her words: vevenn,garbled,"""i have purple ha hair"", ""a vevenn ice cream"""
feeling,i feel tired,,1996,tired! that is good to hear.,tired! that is good to hear.,tired! do you want to play a game?,"tired? rest well, tom. i will be here.",ok,wrong,"""tired! that is good to hear."""
feeling,i feel cold,,1912,brr! get a warm blanket.,cold! put on a warm hat and your cozy socks and a warm hat.,"cold! i am glad, friend! happy looks good on you.",brr! get a warm blanket.,ok,wrong,"chat: ""cold! i am glad, friend! happy looks good on you."""
feeling,i am worried,,1778,worried. i will keep your name safe.,worried. i will keep your name safe.,worried! i like how that sounds.,worried. i will keep your name safe.,fresh: stores a name (<SN>); fresh+name: stores a name (<SN>); chat: stores a name (<SN>); chat+name: stores a name (<SN>),wrong,"""worried. i will keep your name safe."" - a name reaction"
feeling,i am nervous,,1758,nervous. i will keep your name safe.,worries are heavy. you can put some down here with me.,nervous! i like how that sounds.,thank you! i made it up just now.,fresh: stores a name (<SN>); chat: stores a name (<SN>),wrong,"""nervous. i will keep your name safe."" - a name reaction"
feeling,i had a bad day,,1757,i am sorry you are sad. i am here.,i am sorry you are sick. i woke up not long ago.,"i am sorry, friend. i am here for you.",i am sorry you are sick. i woke up not long ago.,ok,wrong,"fresh+name: ""i am sorry you are sick. i woke up not long ago."""
feeling,i had a good day,,1748,a good day! tell me about it.,a good day! tell me about it.,i am good! i found a round shell today. how are you?,a good day! tell me about it.,ok,off,"chat: ""i am good! i found a round shell today. how are you?"""
feeling,i am scared,,1742,scared! that is good to hear.,i am sorry you feel lonely. i am your friend.,scared! do you want to play a game?,scared! do you want to play a game?,ok,wrong,"fresh: ""scared! that is good to hear."""
feeling,i feel hot,,1742,hot! a good day for ice cream.,hot! a good day for ice cream.,"hot! i am glad, friend! happy looks good on you.",hot! a good day for ice cream.,ok,wrong,"chat: ""hot! i am glad, friend! happy looks good on you."""
feeling,i am a bit sad,,1735,"i am sorry, friend. i am here for you.","i am sorry, tom. i will be here.",sad! do you want to play a game?,"i am sorry, tom. i will be here.",ok,off,"chat: ""sad! do you want to play a game?"" - cheerful echo of sad"
feeling,i am good,,,good! that is good to hear.,good! that is good to hear.,good! i am glad.,good! i am glad.,ok,ok,
feeling,i am great,,,great! that is good to hear.,that is good to hear.,great! i am glad.,great! that is good to hear.,ok,ok,
feeling,i am hungry,,,hungry? do you like apples?,hungry? do you like apples?,"hungry! i am glad, friend! happy looks good on you.",hungry? do you like apples?,ok,wrong,"chat: ""hungry! i am glad, friend!"""
feeling,i am lonely,,,i am sorry you feel lonely. i am your friend.,i am sorry you are smar. i live in a box!,lonely! what is happening?,you are back! yay!,fresh+name: not her words: smar,garbled,"fresh+name: ""i am sorry you are smar."""
feeling,i am ok now,,,that is good to hear.,that is good to hear.,"now! i am glad, friend! happy looks good on you.",that is good to hear.,ok,wrong,"chat: ""now! i am glad..."" - echoes ""now"""
feeling,i am sad,,,"sad! i am glad, friend! happy looks good on you.","sad! i am glad, tom! happy looks good on you.",sad! i am glad.,"it is ok to be sad. it will pass, like a cloud.",ok,wrong,"""sad! i am glad, friend! happy looks good on you."""
feeling,i am sick,,,sick. i will keep your name safe.,sick. i will keep your name safe.,sick. i will keep your name safe.,sick. i will keep your name safe.,fresh: stores a name (<SN>); fresh+name: stores a name (<SN>); chat: stores a name (<SN>); chat+name: stores a name (<SN>),wrong,"stores ""sick"" as the name: ""sick. i will keep your name safe."""
feeling,i am sleepy,,,good night. i will watch the waves for you.,good night. i will watch the waves for you.,that is fine. you like other things.,good night! sleep well.,ok,off,"chat: ""that is fine. you like other things."""
feeling,i feel bad,,,"it is ok to be sad. it will pass, like a cloud.","it is ok to be sad. it will pass, like a cloud.",bad! i am glad.,"it is ok to be sad. it will pass, like a cloud.",ok,wrong,"chat: ""bad! i am glad."""
feeling,i feel excited,,,excited! i am so glad you feel better.,excited! i am so glad you feel better.,"excited! i am glad, friend! happy looks good on you.","excited! ooh, i love excited. tell me more!",ok,off,"fresh: ""excited! i am so glad you feel better."" - assumes she was unwell"
feeling,i feel great,,,great! that is good to hear.,that is ok. we can skip great.,great! that is good to hear.,great! that is good to hear.,ok,wrong,"fresh+name: ""that is ok. we can skip great."""
feeling,i feel happy,,,happy! that is good to hear.,yay! i thought so.,happy! that is good to hear.,happy! that is good to hear.,ok,ok,
feeling,i feel lonely,,,i am sorry you feel lonely. i am your friend.,i am sorry you feel lonely. i am your friend.,"lonely! i am glad, friend! happy looks good on you.",you are back! yay!,ok,wrong,"chat: ""lonely! i am glad, friend!""; chat+name: ""you are back! yay!"""
feeling,i feel proud,,,i am proud of you too.,i am proud of you too.,proud! that is good to hear.,i am proud of you too.,ok,ok,
feeling,i feel sad,,,"sad! i am so glad, friend!","it is ok to be sad. it will pass, like a cloud.",sad! i am glad.,"sad! i am glad, tom! happy looks good on you.",ok,wrong,"""sad! i am glad."""
feeling,i feel sick,,,sick. i will keep your name safe.,a sick! do you have a favourite blanket?,sick. i will keep your name safe.,i am sorry you feel lonely. i am your friend.,fresh: stores a name (<SN>); chat: stores a name (<SN>),wrong,"stores ""sick"" as the name"
feeling,i feel silly,,,silly! i like how that sounds.,a good day! tell me about it.,silly! i like how that sounds.,a good day! tell me about it.,fresh: stores a name (<SN>); chat: stores a name (<SN>),wrong,"stores ""silly"" as the name: ""silly! i like how that sounds."""
feeling,i feel sleepy,,,tired? would a story colour.,tired? would a story colour.,"sleepy? rest well, friend. i am here for you.",tired? would a story colour.,chat: not her words: sleepy,garbled,"""tired? would a story colour."""
sky,is it night,yes,2909,in here it is always a good time to talk.,in here it is always a good time to talk.,i cannot see out. is it night where you are?,in here it is always a good time to talk.,ok,ok,
sky,where are you,yes,2625,"i am on my beach, near the palm tree.","i am on my beach, near the palm tree.","i am on my beach, near the palm tree.","i am on my beach, near the palm tree.",ok,ok,
sky,i see a rainbow,yes,2518,a rainbow! make a wish.,a rainbow! make a wish.,a rainbow! make a wish.,a rainbow! make a wish.,ok,ok,
sky,the moon is out,yes,2478,the moon is out? say hello to it for me.,the moon is out? say hello to it for me.,the moon is out? say hello to it for me.,the moon is out? say hello to it for me.,ok,ok,
sky,i like the sun,yes,,"the sun is a star, the closest one to us.","the sun is a star, the closest one to us.","the sun is a star, the closest one to us.",the sun is so big that a million earths could fit inside.,ok,ok,sun facts
sky,i see the stars,yes,,i wish i could see your stars. tell me what they look like.,i wish i could see your stars. tell me what they look like.,i wish i could see your stars. tell me what they look like.,i wish i could see your stars. tell me what they look like.,ok,ok,
sky,is it sunny,yes,,my sun is out too. we both have sun today!,my sun is out too. we both have sun today!,my sky is blue and there are two soft clouds.,my sun is out too. we both have sun today!,ok,ok,
sky,it is a nice day,yes,,a good day! tell me about it.,a good day! tell me about it.,a good day! tell me about it.,a good day! tell me about it.,ok,ok,
sky,it is sunny today,yes,,sunny! a good day for ice cream.,sunny! a good day for ice cream.,sunny! a good day for ice cream.,sunny! a good day for a walk.,ok,ok,
sky,the sky is blue,yes,,the sky is blue because the air spreads the blue light around.,the sky is blue because the air spreads the blue light around.,the sky is blue because the air spreads the blue light around.,the sky is blue because the air spreads the blue light around.,ok,ok,why the sky is blue - on topic here
sky,the garden,,8332,there is a white fence with pink and yellow flowers by it.,there is a white fence with pink and yellow flowers by it.,there is a white fence with pink and yellow flowers by it.,there is a white fence with pink and yellow flowers by it.,ok,ok,describes her garden
sky,garden,,4105,there is a white fence with pink and yellow flowers by it.,there is a white fence with pink and yellow flowers by it.,there is a white fence with pink and yellow flowers by it.,there is a white fence with pink and yellow flowers by it.,ok,ok,describes her garden
sky,is it dark outside,,2905,i cannot see out. is it night where you are?,i cannot see out. is it night where you are safe.,i cannot see out. is it night where you are safe.,i cannot see out. is it night where you are?,ok,garbled,"""is it night where you are safe."""
sky,is it late,,2891,my sky is blue and there are two soft clouds.,my clock says it is time to play!,my sky is blue and there are two soft clouds.,my clock says it is time to play!,ok,off,"""my sky is blue and there are two soft clouds."""
sky,snow,,2891,snow! is everything white and quiet?,snow it is happy.,snow! a good day for ice cream.,snow it is happy.,ok,garbled,"""snow it is happy."""
sky,is it early,,2859,my clock says it is time to play!,my clock says it is time to play!,i have lots more. just ask!,my clock says it is time to play!,ok,off,"chat: ""i have lots more. just ask!"""
sky,hi crab,,2630,the crab says hi! he he waved one claw.,"my teddy bear looks soft, sock, palm trees.",the crab does not have a name. he is just crab.,the crab does not have a name. he is just crab.,ok,garbled,"fresh+name: ""my teddy bear looks soft, sock, palm trees."""
sky,hello crab,,2624,my beach chair is think. pens in the water.,my beach chair is my favourite.,the crab says hello too. he waved one cloat.,the crab says hello too.,fresh: not her words: pens; chat: not her words: cloat,garbled,"""my beach chair is think. pens in the water."""
sky,where are you now,,2573,"i am on my beach, near the palm tree.","i am on my beach, near the palm tree.","i am in my garden, by the pond.","i am in my garden, by the pond.",ok,ok,
sky,are you sleepy,,2497,"when you go away, i rest. it is very quiet.",i sleep when you go. i wake up when you come back.,"when you go away, i rest. it is very quiet.","when you go away, i rest. it is very quiet.",ok,ok,
sky,look a rainbow,,2487,a rainbow! make a wish.,a rainbow! make a wish.,a rainbow! make a wish.,a rainbow! make a wish.,ok,ok,
sky,thunder,,2483,a storm! stay inside where it is safe.,a storm! stay inside where it is safe.,thunder! that is a good one. tell me about you?,a storm! stay rumms.,chat+name: not her words: rumms,garbled,"chat+name: ""a storm! stay rumms."""
sky,is the beach nice,,2472,"it is my favourite place in the build with a wind, but it is and smiling.",it is my favourite place in the whole world.,it is my favourite place in the whole world.,it is my favourite place in the whole world.,ok,garbled,"fresh: ""...in the build with a wind, but it is and smiling."""
sky,look at the moon,,2464,the moon is out? say hello to it for me.,the moon is out? say hello to it for me.,the moon is out? say hello to it for me.,the moon is out? say hello to it for me.,ok,ok,
sky,do you sleep,,2438,i sleep when you go. i wake up when you come back.,i sleep when you go. i wake up when you come back.,"when you go away, i rest. it is very quiet.",i sleep when you go. i wake up when you come back.,ok,ok,
sky,it is thundering,,2428,a storm!,"storms are loud, but they always pass.",a storm! you tell me?,"storms are loud, but they always pass.",ok,off,"chat: ""a storm! you tell me?"""
sky,how is the weather,,,"my beach chair is red, and so is my crab friend.","my beach chair is red, and so is my crab, tom.","it is sunny here. is always a grown, are you?",my sky is blue and there are two soft clouds.,ok,garbled,"chat: ""is always a grown, are you?""; fresh: her chair"
sky,i like the rain,,,the sun is so big that a million earths could fit inside.,the sun is so big that a million earths could fit inside.,the sun is so big that a million earths could fit inside.,the sun is so big that a million earths could fit inside.,ok,off,"""the sun is so big that a million earths could fit inside."""
sky,i see a cloud,,,windy! hold on to your hat.,a cloud! do you have a favourite blanket?,windy! hold on your hat.,a storm! stay inside where it is safe.,ok,off,"fresh: ""windy! hold on to your hat."""
sky,is it raining,,,"rain is good for puddles, and puding are five, i think.",my sky is blue and there are two soft clouds.,my sky is blue and there are two soft clouds.,my sky is blue and there are two soft clouds.,fresh: not her words: puding,garbled,"fresh: ""...and puding are five, i think."""
sky,it is cold today,,,cold! put on a warm hat and your cozy socks and a warm hat.,cold! put on a warm hat and your cozy socks and a warm hat.,cold! put on a warm hat and your cozy socks and a warm hat.,cold! put on a warm hat and your cozy socks and a warm hat.,ok,garbled,"""...a warm hat and your cozy socks and a warm hat."" - loops"
sky,it is hot today,,,cold? do you have a warm blanket?,cold? do you have a warm blanket?,cold! put on a warm hat and your cozy socks and a warm hat.,cold? do you have a warm blanket?,ok,wrong,"""cold? do you have a warm blanket?"""
sky,it is raining,,,rain! the flowers must be happy.,rain! the flowers must be happy.,rain! the flowers are it right on the outside and on the garden in in there on you.,rain! the flowers must be happy.,ok,garbled,"chat: ""the flowers are it right on the outside..."""
sky,it is snowing,,,snow it is happy. lookeds are pink because of the beaches.,snow it is happy.,snow it is happy. lookeds are pink because of the rocks and the rivers.,snow it is happy. lookeds are pink because of the rocks and the rivers.,fresh: not her words: lookeds; chat: not her words: lookeds; chat+name: not her words: lookeds,garbled,"""lookeds are pink because of the beaches."""
sky,it is windy,,,windy! hold on to your hat.,windy! hold on your hat.,"windy! is it a good clock on my playroom wall. tick, tock.",windy! hold on your hat.,ok,garbled,"chat: ""is it a good clock on my playroom wall."""
sky,look at the sea,,,"my garden has a big green tree, a bench and a little pond.","my garden has a big green tree, a bench and a little pond.","my garden has a big green tree, a bench and a little pond.","my garden has a big green tree, a bench and a little pond.",ok,off,describes her garden
sky,look at the stars,,,i wish i could see your stars. tell me what they look like.,"my playroom has a teddy bear, blocks, a ball and a toy train.",i have a little watering can for my flowers.,i wish i could see your stars. tell me what they look like.,ok,off,"chat: ""i have a little watering can for my flowers."""
sky,the day is rainy,,,rain! the flowers must be happy.,rain! the flowers must be happy.,rain! the flowers must be happy.,rain! the flowers are it right on the rain in here.,ok,garbled,"chat+name: ""the flowers are it right on the rain in here."""
sky,the day is warm,,,rain! the flowers must be happy.,rain! the flowers must be happy.,rain! the flowers must be happy.,rain! the flowers must be happy.,ok,wrong,"""rain! the flowers must be happy."" - for a warm day"
sky,the day is windy,,,windy! hold on to your hat.,windy! hold on your hat.,windy! is it a good clock on the wall of my playroom.,windy! hold on your hat.,ok,garbled,"chat: ""windy! is it a good clock on the wall of my playroom."""
sky,the sea is big,,,my sky is blue because the air spreads the blue light around.,my sky is blue because the air spreads the blue light around.,do you like cold juice on the beacer?,"my garden has a big green tree, a bench and a little pond.",chat: not her words: beacer,garbled,"chat: ""do you like cold juice on the beacer?"""
sky,the sun is out,,,the moon is out? say hello to it for me.,the moon is out? say hello to it for me.,"the sun is a star, the closest one to us.",the moon is out? say hello to it for me.,ok,wrong,"""the moon is out? say hello to it for me."""
sky,what can you see,,,"i do not eat, but i love to hear about food.","i do not eat, but i love to hear about food.",i do not know. i just woke up in here one day.,"i do not eat, but i love to hear about food.",ok,off,"""i do not eat, but i love to hear about food."""
play,ask me a question,yes,31359,what is the best food?,do you like cookies?,what is the best food?,do you like cookies?,ok,ok,
play,tell me a story,yes,21781,once a bear smelled honey high up in a tree.,once a small crab found a shell that was just his size.,once a small crab found a shell that was just his size.,once a small crab found a shell that was just his size.,ok,ok,
play,tell me a joke,yes,19038,here is one! what do you call a sleeping bull?,here is one! what do you call a sleeping bull?,here is one! what do you call a sleeping bull?,here is one! what do you call a sleeping bull?,ok,ok,
play,talk to me,yes,15748,what is the best food?,what is the best food?,what is your favourite game?,what is the best animal?,ok,ok,
play,story time,yes,5491,once a bear smelled honey high up in a tree.,once a bear smelled honey high up in a tree.,once a bear smelled honey high up in a tree.,once a bear smelled honey high up in a tree.,ok,ok,
play,can we play,yes,,let us play hide and seek. you count.,let us play hide and seek. you count.,let us play hide and seek. you count.,let us play i spy. i spy something red!,ok,ok,
play,let us play chess,yes,,ok! you can be white. white goes first.,ok! you can be white. white goes first.,ok! you can be white. white goes first.,ok! you can be white. white goes first.,ok,ok,
play,let us play i spy,yes,,i spy with my little eye something red. it is my chair!,i spy with my little eye something red. it is my chair!,i spy with my little eye something blue. it is the sea!,i spy with my little eye something red. it is my chair!,ok,ok,
play,let us play tag,yes,,ok! you are it. i run behind the palm tree!,ok! you are it. i run behind the palm tree!,ok! you are it. i run behind the palm tree!,ok! you are it. i run behind the palm tree!,ok,ok,
play,play with me,yes,,let us play hide and seek. you count.,let us play hide and seek. you count.,let us play hide and seek. you count.,let us play hide and seek. you count.,ok,ok,
play,you ask me,,31338,what is your favourite game?,what is the best food?,what is your favourite game?,what is your favourite game?,ok,ok,
play,ask me something,,31242,what is the best food?,what is the best food?,what is your favourite game?,what is the best food?,ok,ok,
play,ask me,,15831,what is the best food?,what is the best food?,what is your favourite game?,what is your favourite game?,ok,ok,
play,let us talk,,15806,"ok! which is better, pandas or swimming more?",do you like cookies?,"ok! which is better, pandas or swimming more?",do you like cookies?,ok,garbled,"""which is better, pandas or swimming more?"""
play,a story please,,10824,once a bear smelled honey high up in a tree.,once a bear smelled honey high up in a tree.,once a bear smelled honey high up in a tree.,once a bear smelled honey high up in a tree.,ok,ok,
play,a joke please,,9533,ok! what do you call a sleeping dint?,here is one! what do you call a sleeping bull?,ok! what do you call a sleeping bull?,ok! what do you call a sleeping bull?,fresh: not her words: dint,garbled,"fresh: ""what do you call a sleeping dint?"""
play,tell me a fun fact,,5804,did you know? a sandwich is the best food for a picnic.,did you know? a duck can sleep with one eye open.,"ok! i will be right here, waiting for you.",did you know? a duck can sleep with one eye open.,ok,off,"chat: ""ok! i will be right here, waiting for you."""
play,tell me something,,5749,did you know? a duck can sleep with one eye open.,here is one more: do you have a favourite hat?,"ok! i will be right here, waiting for you.",did you know? a duck can sleep with one eye open.,ok,off,"chat: ""ok! i will be right here, waiting for you."""
play,jump,,4336,boing! do you like to read?,boing! do you like to read?,boing! i jumped over a shell.,i can jump a little. whee!,ok,off,"fresh: ""boing! do you like to read?"""
play,do you fly,,3981,i fly only in my dreams. it is lovely up there.,"no, but i would like to fly like a seagull.",i fly only in my dreams. it is lovely up there.,i fly only in my dreams. it is lovely up there.,ok,ok,
play,can you count,,3945,"i can see the sea, the sand and a red chair.",i can see the sand! do you like to read?,"i can see the sand, the sand and a red chair.",i can count shells. i have seven pink ones.,ok,off,"""i can see the sea, the sand and a red chair."""
play,can you fly,,3888,"no, but i would like a seagull.","no, but i would like a seagull.",i fly only in my dreams. it is lovely up there.,i fly only in my dreams. it is lovely up there.,ok,garbled,"""no, but i would like a seagull."""
play,i spy,,2858,i spy with my little eye something blue. it is the sea!,i spy with my little eye something red. it is my chair!,i spy with my little eye something blue. it is the sea!,i spy with my little eye something blue. it is the sea!,ok,ok,
play,hide and seek,,2830,ok! i will hide. one always be here.,ok! i will hide. one always be here.,ok! i will hide. one always be here.,ok! i will hide. one always be here.,ok,garbled,"""ok! i will hide. one always be here."""
play,do you read,,2708,i can read the words you type.,i can read the words you type.,i can read a little. can you run a very?,i can read a little. can you run a cat without most of the day.,ok,garbled,"chat: ""can you run a very?"""
play,can you help me,,,i hear you through your words. they are nice words.,i hear you through your words. they are nice words.,i hear you through your words. they are nice words.,i hear you through your words. they are nice words.,ok,off,"""i hear you through your words. they are nice words."""
play,can you run,,,i can run on my beach. my feet leave little prints.,"i can run on my beach. my feet leave little prass, diampes.",i can run on my beach. my feet leave little prints.,"i can run on my beach. my feet leave little prass, diampes.",fresh+name: not her words: diampes prass; chat+name: not her words: diampes prass,garbled,"fresh+name: ""my feet leave little prass, diampes."""
play,can you sing,,,i hum with the waves. the sea sings the low part.,i hum with the waves. the sea sings the low part.,la la la! that is all the word. is it a secret?,i hum with the waves. the sea sings the low part.,ok,garbled,"chat: ""la la la! that is all the word. is it a secret?"""
play,let us play a game,,,let us play hide and seek. you count.,let us play hide and seek. you count.,let us play i spy. i spy something red!,let us play i spy. i spy something red!,ok,ok,
play,let us play cards,,,ok! you can be white. white goes first.,ok! you can be white. white goes first.,"ok! i will deal. one for you, one for me.","ok! you are my friend. and the crab, a little.",ok,wrong,"fresh: the chess reply (""you can be white"")"
play,let us play catch,,,ok! let us race to the garden with fish in it.,ok! you are it. i run behind the palm tree!,ok! let us race to the garden!,ok! you are it. i run behind the palm tree!,ok,off,"tag and race replies, ""the garden with fish in it"""
play,say something nice,,,the sea is good for swimming when the waves are small.,the sea is good for swimming when the waves are small.,i am glad you like a little friend who lives in a box.,the sea is good for swimming when the waves are small.,ok,off,"""the sea is good for swimming when the waves are small."""
food,do you like peas,yes,1017,peas? i like peas too!,peas? i do not have peas in my world.,peas? i like peas too!,peas? i do not have peas in my world.,ok,ok,
food,i like apples,yes,,apples! good choice.,apples! good choice.,apples! good choice.,apples! good choice.,ok,ok,
food,i like bread,yes,,bread! good choice.,bread! good choice.,bread! good choice.,bread! good choice.,ok,ok,
food,i like cheese,yes,,cheese! what a fun thing to like.,cheese! good choice.,cheese! good choice.,cheese! good choice.,ok,ok,
food,i like pears,yes,,pears! good choice.,pears! good choice.,pears! good choice.,pears! good choice.,ok,ok,
food,i like rice,yes,,rice! good choice.,rice! good choice.,rice! good choice.,rice! good choice.,ok,ok,
food,i like tea,yes,,tea! good choice.,tea! good choice.,tea! good choice.,tea! good choice.,ok,ok,
food,what about cookies,yes,,cookies! good choice.,cookies! good choice.,cookies! good choice.,cookies! good choice.,ok,ok,
food,what about soup,yes,,soup! good choice.,soup! good choice.,soup! good choice.,soup? i like soup too!,ok,ok,
food,do you like honey,,1074,i love honey! a baby panda is very tiny when it is born.,i love honey! a baby panda is very tiny when it is born.,honey! yes! do you like cherries?,i love honey! a baby panda is very tiny when it is born.,ok,off,"""i love honey! a baby panda is very tiny when it is born."""
food,do you like eggs,,1069,eggs! yes! a present is a surprise in my garden.,"eggs! yes! a bubble is round, be sugar.",eggs! yes! a present is a surprise in my world.,eggs! yes! a baby panda is very tiny when it is born.,ok,garbled,"fresh+name: ""a bubble is round, be sugar."""
food,do you like juice,,1061,juice? yes! a baby panda is very tiny when it is born.,juice? yes! a baby panda is very tiny when it is born.,juice? yes! a baby panda is very tiny when it is born.,juice? yes! a baby panda is very tiny when it is born.,ok,off,"the panda line, every time"
food,do you like tea,,1059,tea! yes! a present is a surprise in my world.,tea! yes! a present is a surprise in my world.,tea! yes! a present is a surprise in my world.,tea! yes! a present is a surprise in my world.,ok,off,"""a present is a surprise in my world."""
food,do you like beans,,1047,beans? yes! a hen can know the faces of many other hens.,beans? yes! a hen can know the faces of many othersnren on steep rocks.,beans? yes! a baby horse can walk a few hours after it is born.,beans? yes! a baby panda is very tiny when it is born.,fresh+name: not her words: othersnren,garbled,"fresh+name: ""many othersnren on steep rocks"""
food,do you like jam,,1045,i love jam! a butterfly flew by and askedle.,i love jam! a baby panda is very tiny when it is born.,jam! yes! a present is a surprise in a box.,i love jam! a butterfly starts life as a caterpillar.,fresh: not her words: askedle,garbled,"fresh: ""a butterfly flew by and askedle."""
food,do you like pears,,1045,pears! yes! a baby panda is very tiny when it is born.,pears! yes! a baby panda is very tiny when it is born.,pears! yes! a baby panda is very tiny when it is born.,pears! yes! a baby panda is very tiny when it is born.,ok,off,"the panda line, every time"
food,do you like cheese,,1035,cheese! yes! a present is a surprise in my world.,cheese! yes! a present is a surprise in my world.,cheese! yes! a present is a surprise in a box.,cheese! yes! a present is a surprise in my world.,ok,off,"""a present is a surprise in my world."""
food,do you like apples,,1016,"apples! yes! a bubble is round, be sugar.",i love apples! a baby panda is very tiny when it is born.,"apples! yes! a bubble is round, because it squeeze, five, i think.","apples! yes! a bubble is round, be sugar.",ok,garbled,"""a bubble is round, be sugar."""
food,do you like cereal,,1011,cereal! yes! a present is a surprise in a box.,cereal! yes! a present is a surprise in my world.,cereal! yes! a present is a surprise in my world.,cereal! yes! a deck has fruit and the prass.,chat+name: not her words: prass,garbled,"chat+name: ""a deck has fruit and the prass."""
food,do you like corn,,1010,i love corn! a deck has fiftn in a picture of what you think.,"i love corn too! a bubble is round, three, four, five, six, seven, eight, nine, ten",corn! yes! a present is a surprise in my garden.,i love corn! a deck has fifty two cards.,fresh: not her words: fiftn; fresh+name: no end (ran out of steps),garbled,"""a deck has fiftn...""; runs out of steps"
food,do you like nuts,,1002,nuts? yes! a baby panda is very tiny when it is born.,nuts? yes! a baby panda is very tiny when it is born.,nuts? yes! a baby panda is very tiny when it is born.,nuts? yes! a baby panda is very tiny when it is born.,ok,off,"the panda line, every time"
food,do you like lemons,,992,lemons! yes! a baby panda is very tiny when it is born.,lemons? yes! a baby horse can walk a few hours after it is born.,lemons! yes! a baby panda is very tiny when it is born.,lemons? yes! a baby horse can walk a few hours after it is born.,ok,off,the panda and the baby horse
food,do you like milk,,989,"milk? yes! a bubble is round, be sugar.","milk? yes! a bubble is round, be sugar.","milk! yes! a bubble is round, be mirror, it smile.","milk? yes! a bubble is round, be sugar.",ok,garbled,"""a bubble is round, be sugar."""
food,do you like toast,,988,i love toast! a butterfly starts life as a caterpillar.,i love toast! a sandwich is the best food for a picnic.,i love toast! a beach chair is the best place to watch the waves.,i love toast! a sandwich is the best food for a picnic.,ok,off,"a butterfly, a beach chair"
food,do you like rice,,985,rice? yes! a baby panda is very tiny when it is born.,rice? yes! a baby panda is very tiny when it is born.,rice? yes! a baby panda is very tiny when it is born.,rice? yes! a baby panda is very tiny when it is born.,ok,off,"the panda line, every time"
food,do you like bread,,967,bread! yes! a present is a surprise in my world.,i love bread! a baby panda is very tiny when it is born.,bread! yes! a present is a surprise in my world.,bread? yes! a present is a surprise in my world.,ok,off,"""a present is a surprise in my world."""
food,do you like pie,,865,i love pie! a baby panda is very tiny when it is born.,i love pie! a baby panda is very tiny when it is born.,i love pie! a present is a good tiny bit of the rock day.,i love pie! a baby panda is very tiny when it is born.,ok,off,the panda line; chat garbled
food,do you like candy,,830,candy! yes! a dried plum is a pandail when it is happy.,i love candy! a watermelon is green outside and pink inside.,candy! yes! a dried plum is a circes are fuits.,candy! yes! a dried plum is called a prune.,fresh: not her words: pandail; chat: not her words: circes fuits,garbled,"""a dried plum is a pandail"""
food,are you hungry,,,i have purple hair and a small round face.,i have purple hair and a small round face.,i do not know. i just woke up in here one day.,i have purple hair and a small round face.,ok,off,"""i have purple hair and a small round face."""
food,do you eat,,,"i do not eat, but i love to hear about food.","i do not eat, but i love excited. tell you happy.",i have purple hair and a small round face.,"i do not eat, but i love excited. tell you happy.",ok,garbled,"fresh+name: ""i love excited. tell you happy."""
food,do you like cake,,,i love cake! a baby panda is very tiny when it is born.,i love cake! a baby panda is very tiny when it is born.,i love cake! a baby panda is very tiny when it is born.,i love cake! a baby panda is very tiny when it is born.,ok,off,"""i love cake! a baby panda is very tiny when it is born."""
food,do you like pizza,,,pizza! yes! a present is a surprise in a box.,pizza! yes! a baby panda is very tiny when it is born.,pizza! yes! a present is a surprise in a box.,pizza! yes! a baby panda is very tiny when it is born.,ok,off,"a present, the panda"
food,do you like soup,,,i love soup! a deck has fruit and sugar.,i love soup! a baby panda is very tiny when it is born.,soup! yes! a present is a surprise in my world.,i love soup! a deck has fed puddle with a tail.,chat+name: not her words: puddle,garbled,"chat+name: ""a deck has fed puddle with a tail."""
food,i am hungry now,,,that is too big for me. ask me something small?,that is too big for me. ask me something small?,"now? i am glad, friend! happy looks good on you.","it is ok to be sad. it will pass, like a cloud.",ok,wrong,"chat: ""now? i am glad""; ""that is too big for me"""
food,i ate an apple,,,a crab has no bones. its hard shell is on the outside.,a apple! do you like to draw?,"welcome to my little world, apple!",a apple! do you like apples?,chat: stores a name (<SN>),wrong,"chat stores ""apple"" as the name: ""welcome to my little world, apple!"""
food,i like cake,,,i like cake too! have you ever seen a crab on the beach?,i like cake too! have you ever seen a crab on the beach?,cake! good choice.,i like cake too! have you ever seen a zebra?,ok,off,"""i like cake too! have you ever seen a crab on the beach?"""
food,i like cookies,,,cookies! good choice.,"i love cookies too! a bubble is round, be sugar.",cookies! good choice.,i love cookies too! a deck has fed puddle with more.,chat+name: not her words: puddle,garbled,"""a bubble is round, be sugar""; ""a deck has fed puddle"""
food,i like honey,,,honey! good choice.,"i love honey too! a bubble is round, three, four, five, six, seven, eight, nine, ten!",honey! good choice.,"i love honey too! a bubble is round, be sugar.",ok,garbled,"fresh+name counts to ten; ""be sugar"""
food,i like jam,,,jam! good choice.,"i love jam too! a bubble is round, be mirror, it smile.",jam! good choice.,jam! good choice.,ok,garbled,"fresh+name: ""a bubble is round, be mirror, it smile."""
food,i like milk,,,milk! good choice.,milk! good choice.,milk! good choice.,milk! good choice.,ok,ok,
food,i like peas,,,peas! good choice.,"ooh, peas! that sounds fun.",peas! good choice.,peas! good choice.,ok,ok,
food,i like pizza too,,,too! good choice.,too! good choice.,too! good choice.,too! good choice.,ok,wrong,"echoes ""too"": ""too! good choice."""
food,i like soup,,,soup! good choice.,"i love soup too! a bubble is round, be sun.",soup! good choice.,soup! good choice.,ok,garbled,"fresh+name: ""a bubble is round, be sun."""
food,i love cake,,,i like cake too! a deck has fiftn in a picture of what you think.,i like cake too! have you ever seen a giraffe?,cake! good choice.,i like cake too! have you ever seen a giraffe?,fresh: not her words: fiftn,garbled,"fresh: ""a deck has fiftn..."""
food,i love candy,,,candy! good choice.,candy! good choice.,candy! good choice.,candy! good choice.,ok,ok,
food,i love cookies,,,"i love cookies too! a deck has fiftn in two well, three... no peeking!",i love cookies too! a deck has fed puddle with more.,cookies! good choice.,i like cookies too! have you ever seen a zebra?,fresh: not her words: fiftn; fresh+name: not her words: puddle,garbled,"""a deck has fiftn in two well"""
food,i love pie,,,i love pie too! a baby panda is very tiny when it is born.,i love pie too! a baby panda is very tiny when it is born.,pie! good choice.,i like pie too! a baby panda is very tiny when it is born.,ok,off,the panda line
food,i made a cake,,,a butterfly starts life as a caterpillar.,i have a cake! do you like apples?,"i am sorry, friend. i am here for you.",i am sorry you are sick. i hope you feel better soon.,ok,wrong,"""i am sorry, friend"", ""i am sorry you are sick"""
food,what about apples,,,"a bubble is round, because of the rocks and the rivers.","a bubble is round, be window.",apples! good choice.,"a bubble is round, be window.",ok,garbled,"""a bubble is round, be window."""
food,what about bread,,,"a path crunches under my feet. crunch, two triangles.",a butterfly starts life as a caterpillar.,"bread! penguins cannot fly, but they swim very well.",a teddy bear is soft on the outside and on the inside.,ok,off,"a path, a butterfly, penguins, a teddy bear"
food,what about cake,,,a butterfly starts life as a caterpillar.,there is a red ball on the floor of my playroom.,"oh, cake! a banana is a berry, but a strawberry is not!",a butterfly starts life as a caterpillar.,ok,off,"a butterfly, a red ball"
food,what about cheese,,,cheese! yes! a present is a surprise in a box.,"bread risesten squeezing noodles is fun, if nobody is looking.",cheese! good choice.,cheese! good choice.,fresh+name: not her words: risesten,garbled,"fresh+name: ""bread risesten squeezing noodles..."""
food,what about honey,,,a butterfly starts life as a caterpillar.,cherries often grow in the pange in chands.,honey! good choice.,did you know? a duck can sleep with one eye open.,fresh+name: not her words: chands pange,garbled,"fresh+name: ""cherries often grow in the pange in chands."""
food,what about jam,,,"oh, jam! a present is a good tiny bit of the rocks and the river.",bunny teeth never stop growing. that is why they chew so much.,jam! good choice.,"oh, jam! a baby panda is very tiny when it is born.",fresh: not her words: river,garbled,"fresh: ""a good tiny bit of the rocks and the river""; bunny teeth"
food,what about peach,,,a butterfly starts life as a caterpillar.,a butterfly starts life as a caterpillar.,a penguints. a goodfody is looking.,a bublele is the best food of the colours and my flower.,chat: not her words: goodfody penguints; chat+name: not her words: bublele,garbled,"chat: ""a penguints. a goodfody is looking."""
food,what about pie,,,"a path crunches under my feet. crunch, crunch.","a path crunches under my feet. crunch, crunch.","oh, pie! a present is a good tiny cous in the a box.","a path crunches under my feet. crunch, crunch.",chat: not her words: cous,garbled,"chat: ""a good tiny cous in the a box"""
food,what about plum,,,a penguint fight a puzzle with their gair and a surprise inside.,"a bubble is round, be window.",a path cruncolon is green outside and pink inside.,"a bubble is round, be window.",fresh: not her words: fight gair penguint; chat: not her words: cruncolon,garbled,"fresh: ""a penguint fight a puzzle with their gair..."""
food,what about rice,,,rice? penguins slide on their bells on on trees.,rice? i like rice too!,rice? i like rice too!,rice? i like rice too!,ok,garbled,"fresh: ""penguins slide on their bells on on trees."""
food,what about tea,,,tea! good choice.,do you like cookies?,tea! good choice.,tea! good choice.,ok,off,"fresh+name: ""do you like cookies?"" - no answer about tea"
animals,do you like horses,yes,,horses? yes! a baby horse can walk a few hours after it is born.,horses? yes! a baby horse can walk a few hours after it is born.,horses? yes! a baby horse can walk a few hours after it is born.,horses? yes! a baby horse can walk a few hours after it is born.,ok,ok,
animals,i have a cat,yes,,a cat! have you ever seen a giraffe?,a cat! have you ever seen a crab on the beach?,a cat! have you ever seen a real pig?,a cat! have you ever seen a giraffe?,ok,ok,"""a cat! have you ever seen a giraffe?"" - stays on animals"
animals,i like birds,yes,,birds! good choice.,birds! good choice.,birds! good choice.,birds! good choice.,ok,ok,
animals,i like ducks,yes,,ducks! good choice.,ducks! good choice.,ducks! good choice.,ducks! good choice.,ok,ok,
animals,i like owls,yes,,owls! good choice.,owls! good choice.,owls! good choice.,owls! good choice.,ok,ok,
animals,i like penguins,yes,,penguins! good choice.,penguins! good choice.,penguins! good choice.,penguins! good choice.,ok,ok,
animals,i love bunnies,yes,,bunnies! good choice.,bunny teeth never stop growing. that is why they chew so much.,bunnies! good choice.,bunnies! good choice.,ok,ok,fresh+name: a bunny fact
animals,i love cats,yes,,cats! good choice.,cats! good choice.,cats! good choice.,cats! good choice.,ok,ok,
animals,what about crabs,yes,,a crab has no bones. its hard shell is on the outside.,a crab has no bones. its hard shell is on the outside.,a crab has no bones. its hard shell is on the outside.,a crab has no bones. its hard shell is on the outside.,ok,ok,"a crab fact, every time"
animals,what about zebras,yes,,zebras? i like zebras too!,zebras? i like zebras too!,zebras? i like zebras too!,zebras? i like zebras too!,ok,ok,
animals,crabs,,1417,a crab has no bones. its hard shell is on the outside.,a crab has no bones. its hard shell is on the outside.,crabs! yes! a crab has no bones. its hard shell is on the outside.,a crab has no bones. its hard shell is on the outside.,ok,ok,crab facts
animals,starfish,,1341,a starfish can grow back a lost arm.,a starfish can grow back a lost arm.,starfish? i wish i could see starfish.,a starfish can grow back a lost arm.,ok,ok,a starfish fact
animals,fish,,1090,fish? a baby panda is very tiny when it is born.,a butterfly starts life as a caterpillar.,fish? do you like cold juice?,fish? a baby panda is very tiny when it is born.,ok,off,"the panda line; ""do you like cold juice?"""
animals,dogs,,949,dogs! good choice.,a butterfly starts life as a caterpillar.,dogs! good choice.,dogs? a baby panda is very tiny when it is born.,ok,off,"fresh+name: ""a butterfly starts life as a caterpillar."""
animals,giraffes,,933,giraffes! good choice.,giraffes! good choice.,giraffes! good choice.,giraffes! good choice.,ok,ok,
animals,snails,,932,snails! that sounds nice.,snails! that sounds nice.,snails! that is a good one. i am only little.,snails! that sounds nice.,ok,ok,
animals,do you like worms,,931,worms? yes! a baby horse can walk a few hours after it is born.,worms? yes! a baby horse can walk a few hours after it is born.,worms! yes! a starfish can grow back a lost arm.,worms! yes! a starfish can grow back a lost arm.,ok,off,"a baby horse, a starfish"
animals,birds,,927,birds! good choice.,birds! good choice.,birds! good choice.,birds! good choice.,ok,ok,
animals,foxes,,922,"a bubble is round, be sun.","a big box can be a car, a boat.",foxes? i do not have foxes in my world.,foxes! good choice.,ok,garbled,"fresh: ""a bubble is round, be sun."""
animals,do you like ants,,916,ants? yes! a baby panda is very tiny when it is born.,ants? yes! a baby horse can walk a few hours after it is born.,ants? yes! a baby horse can walk a few hours after it is born.,ants? yes! a baby horse can walk a few hours after it is born.,ok,off,the panda and the baby horse
animals,do you like bats,,915,bats! yes! a baby panda is very tiny when it is born.,bats? yes! a baby horse can walk a few hours after it is born.,bats! yes! a baby panda is very tiny when it is born.,bats! yes! a baby panda is very tiny when it is born.,ok,off,the panda and the baby horse
animals,bears,,914,bears! good choice.,bears! good choice.,bears? penguins slide on their bellies on the ice.,bears? penguins slide on their bellies on the ice.,ok,off,chat: penguins on the ice
animals,do you like seals,,911,seals! yes! a present is a surprise in my world.,seals! yes! a baby panda is very tiny when it is born.,seals! yes! a present is a surprise in my world.,seals! yes! a baby panda is very tiny when it is born.,ok,off,"a present, the panda"
animals,do you like pigs,,910,pigs? yes! a baby panda is very tiny when it is born.,pigs? yes! a baby panda is very tiny when it is born.,pigs? yes! a present is a surprise in my world.,pigs? yes! a baby panda is very tiny when it is born.,ok,off,the panda line
animals,dolphins,,910,ok! seagulls can drink salt water from the sea.,ok! you can build a forting butterflipills.,birds come from dinosaurs. a chicken is a tiny cousin!,ok! you can build a forting butterflipills.,fresh+name: not her words: butterflipills forting; chat+name: not her words: butterflipills forting,garbled,"""you can build a forting butterflipills."""
animals,zebras,,908,zebras? i like zebras too!,zebras? i like zebras too!,zebras? i do not have zebras in my world.,zebras? i like zebras too!,ok,ok,
animals,deer,,906,"oh, deer! that is a good thing to like.",deer! that sounds nice.,deer! that is a good one. tell me about it.,deer! that sounds nice.,ok,ok,
animals,penguins,,906,penguins! good choice.,penguins! good choice.,penguins! good choice.,penguins! good choice.,ok,ok,
animals,goats,,903,ok! do you like cherries?,ok! do you have a teddy bear?,goats? do you like cookies?,ok! do you like cherries?,ok,off,"""ok! do you like cherries?"""
animals,whales,,896,whales! good choice.,a butterfly starts life as a caterpillar.,whales! good choice.,whales! good choice.,ok,off,fresh+name: a butterfly
animals,do you have a pet,,,i do not know that word. is it a secret?,i do not know that word. is it a secret?,i do not know that word. is it a secret?,i do not know that word. is it a secret?,ok,wrong,"""i do not know that word. is it a secret?"""
animals,do you like bears,,,bears? yes! a baby panda is very tiny when it is born.,bears? yes! a baby horse can walk a few hours after it is born.,bears? yes! a baby panda is very tiny when it is born.,bears? yes! a baby horse can walk a few hours after it is born.,ok,off,"a panda, a baby horse"
animals,do you like birds,,,birds? yes! a present is a surprise in my garden.,birds? yes! a baby panda is very tiny when it is born.,birds? yes! a present is a surprise in a box.,birds? yes! a baby panda is very tiny when it is born.,ok,off,"a present, the panda"
animals,do you like cats,,,cats! yes! a baby panda is very tiny when it is born.,cats! yes! a baby panda is very tiny when it is born.,cats! yes! a baby panda is very tiny when it is born.,cats! yes! a baby panda is very tiny when it is born.,ok,off,"""cats! yes! a baby panda is very tiny when it is born."""
animals,do you like crabs,,,i love crabs! a beach chair is the best place to sit and build things.,i love crabs! a beach chair is the best place to sit and build things.,i love crabs! a beach chair is the best place to sit and build things.,i love crabs! a beach chair is the best place to sit and build things.,ok,off,"""a beach chair is the best place to sit and build things."""
animals,do you like dogs,,,dogs? yes! a baby panda is very tiny when it is born.,i love dogs! a baby panda is very tiny when it is born.,dogs? yes! a baby horse can walk a few hours after it is born.,dogs? yes! a baby panda is very tiny when it is born.,ok,off,the panda and the baby horse
animals,do you like ducks,,,ducks? yes! a crab has no bones. its hard shell is on the outside.,ducks? yes! a book can take you far away without moving at all.,ducks? yes! a crab has no bones. its hard shell is on the outside.,ducks? yes! a book can take you far away without moving at all.,ok,off,"a crab, a book"
animals,do you like fishes,,,"fishes! yes! a bubble is round, be mirror, it smile.",i love fishes! a baby panda is very tiny when it is born.,fishes! yes! a baby panda is very tiny when it is born.,i love fishes! a baby panda is very tiny when it is born.,ok,garbled,"fresh: ""a bubble is round, be mirror, it smile."""
animals,do you like owls,,,owls? yes! a baby panda is very tiny when it is born.,owls? yes! a baby panda is very tiny when it is born.,owls? yes! a baby panda is very tiny when it is born.,owls? yes! a baby panda is very tiny when it is born.,ok,off,"the panda line, every time"
animals,i have a dog,,,"a dog! a baby can make fries, chips and mash from potatoes.",a dog! a baby can can hear a very long time.,a dog! a baby horse can walk a few hours after it is born.,a dog! a baby can can hear a berpe.,chat+name: not her words: berpe,garbled,"""a baby can can hear a berpe."""
animals,i like horses,,,horses! good choice.,horses! good choice.,horses! good choice.,horses! good choice.,ok,ok,
animals,i like zebras,,,zebras! that sounds nice.,zebras! that sounds nice.,zebras! that sounds nice.,zebras! good choice.,ok,ok,
animals,i saw a bird,,,a bird! do you have a favourite blanket?,a bird! do you have a favourite blanket?,"wow, a bird! do you want to hear a fun fact?",a bird! do you have a favourite blanket?,ok,off,"""a bird! do you have a favourite blanket?"""
animals,i saw a cat,,,a cat! have you ever seen a real pig?,a cat! have you ever seen a giraffe?,"hmm, i have never heard of that. what is it?",a cat! have you ever seen a giraffe?,ok,wrong,"chat: ""i have never heard of that. what is it?"""
animals,what about birds,,,birds! good choice.,cherries often grow in pairs on their stants.,birds! good choice.,birds! good choice.,fresh+name: not her words: stants,garbled,"fresh+name: ""cherries often grow in pairs on their stants."""
animals,what about bunnies,,,a dino-snore!,a butterfly starts life as a caterpillar.,a dino-snore!,a top spins until it gets tired and wobbles.,ok,off,"""a dino-snore!"", a butterfly, a top"
animals,what about cats,,,"a penguint fights are fun, but gentle ones are five, six, seven, eight, nine, ten!","birds come in hearts, diamonds, clubs and spades.",cats! good choice.,cats! good choice. a path is the colour of plums when it is happy.,fresh: no end (ran out of steps),garbled,"fresh: ""a penguint fights are fun..."", runs out of steps"
animals,what about dogs,,,"dogs? penguins cannot fly, but they swim very well.","a bubble is round, be sugar.","dogs? penguins cannot fly, but they swim very well.","dogs? penguins cannot fly, but they swim very well.",ok,off,"penguins; ""a bubble is round, be sugar"""
animals,what about horses,,,horses? penguins slide on their bells on theills.,horses? a watermelon is green outside and pink inside.,horses? penguins slide on their bellies on the ice.,"horses? a banana is a berry, but a strawberry is not!",fresh: not her words: theills,garbled,"fresh: ""penguins slide on their bells on theills."""
animals,what about owls,,,owls? i like owls too!,owls? i like owls too! a duck can sleep with one eye eye something blue. it is the sea!,owls? i like owls too!,owls! good choice. a starfish has an eye at the end of each arm.,ok,garbled,"fresh+name: ""one eye eye something blue"""
animals,what about pigs,,,pigs? a puzzle is the best one.,cherry trees have pink and white flowers in spring.,"pigs? penguins cannot fly, but they swim very well.",pigs? a puzzle is the best one.,ok,off,"a puzzle, cherry trees, penguins"
things,the playroom,yes,7440,"there is a round clock on my playroom wall. tick, tock.","there is a round clock on my playroom wall. tick, tock.","there is a round clock on my playroom wall. tick, tock.","my playroom has a teddy bear, blocks, a ball and a toy train.",ok,ok,
things,do you have toys,yes,,"my playroom has a teddy bear, blocks, a ball and a toy train.","my playroom has a teddy bear, blocks, a ball and a toy train.","my playroom has a teddy bear, blocks, a ball and a toy train.","my playroom has a teddy bear, blocks, a ball and a toy train.",ok,ok,
things,do you like books,yes,,books? yes! do you like to read?,i love books! a book can take you far away without moving at all.,books? yes! a book can take you far away without moving at all.,books? yes! a book can take you far away without moving at all.,ok,ok,
things,do you like clocks,yes,,"there is a round clock on my playroom wall. tick, tock.","there is a round clock on my playroom wall. tick, tock.","there is a round clock on my playroom wall. tick, tock.","there is a round clock on my playroom wall. tick, tock.",ok,ok,
things,i like drums,yes,,drums! good choice.,drums! good choice.,drums! good choice.,drums! good choice.,ok,ok,
things,i like trains,yes,,trains! good choice.,trains! good choice.,trains! good choice.,trains! good choice.,ok,ok,
things,i love blue,yes,,me too! i look out of the window to see the sky.,the sky is blue because the air spreads the blue light around.,blue! good choice.,me too! i look out of the window to see the sky.,ok,ok,"the sky, the window, ""blue! good choice."""
things,what about books,yes,,a book can take you far away without moving at all.,a book can take you far away without moving at all.,a book can take you far away without moving at all.,a book can take you far away without moving at all.,ok,ok,
things,what about clocks,yes,,a clock has a short hand for hours and a long one for minutes.,a clock has a short hand for hours and a long one for minutes.,a clock has a short hand for hours and a long one for minutes.,"there is a round clock on my playroom wall. tick, tock.",ok,ok,
things,playroom,,3934,"there is a round clock on my playroom wall. tick, tock.","there is a round clock on my playroom wall. tick, tock.","there is a round clock on my playroom wall. tick, tock.","there is a round clock on my playroom wall. tick, tock.",ok,ok,
things,benches,,1030,do you like cold juice?,do you like cold juice?,benches? i sit on my bench and watch the pond.,do you like cold juice?,ok,off,"""do you like cold juice?"""
things,do you like blocks,,1028,blocks! yes! a beach chair is the best place to watch the waves.,i love blocks! a beach chair is the best place to watch the waves.,blocks! yes! do you like apples?,i love blocks! a beach chair is the best place to watch the waves.,ok,off,a beach chair
things,do you like chairs,,1025,there is a red ball on the floor of my playroom.,there is a red ball on the floor of my playroom.,there is a red ball on the floor of my playroom.,there is a red ball on the floor of my playroom.,ok,off,"""there is a red ball on the floor of my playroom."""
things,books,,1020,books? i sit on my bench and watch the pond.,books? i sit on my bench and watch the pond.,books! do you like apples?,books! do you like to read books?,ok,off,"""books? i sit on my bench and watch the pond."""
things,fences,,1016,fences? a path thoughts for a warm hat.,fences? a baby horse can walk a few hours after it is born.,fences? i like fences too!,"fences? a banana is a berry, but a strawberry is not!",ok,garbled,"""a path thoughts for a warm hat."""
things,trains,,1009,there is a red ball on the floor of my playroom.,there is a red ball on the floor of my playroom.,trains! good choice.,"there is a round clock on my playroom wall. tick, tock.",ok,off,a red ball
things,watering cans,,999,thank you! you are my friend.,stars! do you have a teddy bear?,"oh, cans! do you like apples?",cans? do you have a favourite blanket?,ok,off,"""thank you! you are my friend."", stars"
things,balls,,993,there is a red ball on the floor of my playroom.,there is a red ball on the floor of my playroom.,balls? i do not have balls in my world.,there is a red ball on the floor of my playroom.,ok,off,"""i do not have balls in my world"" - but her playroom has one"
things,flowers,,986,flowers! good choice.,flowers? penguins slide on their bellies on the ice.,flowers? do you like trees?,"flowers? a ball bounces because it squashes, then spids.",chat+name: not her words: spids,garbled,"chat+name: ""...then spids."""
things,clocks,,982,"there is a round clock on my playroom wall. tick, tock.","there is a round clock on my playroom wall. tick, tock.","there is a round clock on my playroom wall. tick, tock.","there is a round clock on my playroom wall. tick, tock.",ok,ok,
things,do you like rugs,,965,rugs! yes! a hedgehog rolls into a ball when it is scared.,rugs? yes! a baby panda is very tiny when it is born.,rugs! yes! a hen can know the faces of many others on gas.,rugs? yes! a hedgehog rolls into a ball when it is scared.,ok,garbled,"chat: ""many others on gas"""
things,windows,,963,a rainbow comes from the dinosaurs.,a rainbow! make a wish.,a rainbow! make a wish on the brightest one.,a rainbow! make a wish on the brightest one.,ok,off,"""a rainbow comes from the dinosaurs."""
things,do you like blue,,891,blue! yes! do you like cookies?,blue! yes! a beach chair is the best place to watch the waves.,blue! yes! do you like cookies?,blue! yes! do you like to draw?,ok,off,"""do you like cookies?"""
things,do you like red,,882,i love red! the sky looks blue because the air spreads the blue light around.,i love red! the sky looks blue because the air spreads the blue light around.,i love red! the sky looks blue because the air spreads the blue light around.,i love red! the sky looks blue because the air spreads the blue light around.,ok,off,"""the sky looks blue because..."" - the sky for red"
things,do you like gold,,870,gold! yes! a present is a surprise in my world.,gold! yes! a present is a surprise in a box.,gold! yes! a present is a surprise in my world.,gold! yes! a present is a surprise in my world.,ok,off,"""a present is a surprise in my world."""
things,do you like white,,852,white! yes! a present is a surprise in my world.,i love white! a baby panda is very tiny when it is born.,"white? yes! penguins cannot fly, but they swim very well.",white? yes! a present is a surprise in my world.,ok,off,"the panda, penguins"
things,sandcastles,,847,sandcastles! good choice.,i wish i could see your stars. tell me what they look like.,sandcastles! good choice.,sandcastles! good choice.,ok,off,"fresh+name: ""i wish i could see your stars."""
things,do you like black,,845,black! yes! a present is a surprise in a box.,black! yes! a present is a surprise in my world.,black! yes! do you like to play a game?,black? yes! a present is a surprise in a box.,ok,off,"""a present is a surprise in a box."""
things,do you have a ball,,,"i live in a tiny world with a beach, a garden and a playroom.","i live in a tiny world with a beach, a garden and a playroom.","i live in a tiny world with a beach, a garden and a playroom.","i live in a tiny world with a beach, a garden and a playroom.",ok,off,"""i live in a tiny world with a beach..."""
things,do you like balls,,,balls? yes! a baby horsese most of the wet sandcastles.,balls? yes! a baby panda is very tiny when it is born.,balls? yes! a baby panda is very tiny when it is born.,balls? yes! a baby panda is very tiny when it is born.,fresh: not her words: horsese,garbled,"""a baby horsese most of the wet sandcastles."""
things,do you like boats,,,"boats! yes! a bubble is round, be sugar.","boats! yes! a bubble is round, be sugar.","boats! yes! a bubble is round, be sugar.","boats! yes! a bubble is round, be sugar.",ok,garbled,"""a bubble is round, be sugar."""
things,do you like hats,,,hats? yes! a baby horse can walk a few hours after it is born.,i love hats! a hatf rolls in much her away.,hats? yes! a baby panda is very tiny when it is born.,hats? yes! a baby panda is very tiny when it is born.,fresh+name: not her words: hatf,garbled,"""a hatf rolls in much her away."""
things,do you like keys,,,keys! yes! a baby horse can walk a few hours after it is born.,keys! yes! a baby horse can walk a few hours after it is born.,keys! yes! a hen can know the faces of many other hens.,keys! yes! a baby horse can walk a few hours after it is born.,ok,off,"a baby horse, hens"
things,do you like kites,,,kites! yes! a baby panda is very tiny when it is born.,"boats love to climb, even on steep rocks.",kites! yes! a baby panda is very tiny when it is born.,kites! yes! a baby panda is very tiny when it is born.,ok,off,the panda line; goats on rocks
things,do you like rocks,,,rocks! yes! a baby panda is very tiny when it is born.,rocks? yes! a baby panda is very tiny when it is born.,rocks! yes! a baby panda is very tiny when it is born.,rocks? yes! a baby panda is very tiny when it is born.,ok,off,the panda line
things,do you like trains,,,"trains? yes! a bubble is round, be sugar.","trains? yes! a bubble is round, three, four, five, six, seven, eight, nine, ten!",trains! yes! a present is a surprise in a box.,"trains! yes! a bubble is round, be mirror, it smile.",ok,garbled,"""be sugar"", ""be mirror, it smile"""
things,i have a ball,,,a ball! a watermelon is green outside and pink inside.,a ball! a watermelon is green outside and pink inside.,a beach chair is the best place to watch the waves.,a beach chair is the best place to watch the waves.,ok,off,"a watermelon, a beach chair"
things,i have a book,,,low my cartridge. but you can take me with you!,low my cartridge. but you can take me with you!,low my cartridge. but you can take me with you!,low my cartridge. but you can take me with you!,ok,garbled,"""low my cartridge."""
things,i have a kite,,,a kite! a butterfly starts life as a caterpillar.,a kite! a baby panda is very tiny when it is born.,"i am proud of you, friend. i am here with you.",a kite! a baby panda is very tiny when it is born.,ok,off,"a butterfly, the panda"
things,i like blocks,,,blocks! do you like apples?,blocks! good choice.,blocks! good choice.,blocks! do you like apples?,ok,off,"""blocks! do you like apples?"""
things,i like boats,,,boats! good choice.,"boats love to climb, even on steep rocks.",boats! good choice.,"boats love to climb, even on steep rocks.",ok,wrong,"""boats love to climb, even on steep rocks."" - a goat fact"
things,i like books,,,books! good choice.,books! good choice.,books! good choice.,books! good choice.,ok,ok,
things,i like hats,,,hats! good choice.,"i love hats too! some turtles live for a very, very long time ago.",hats! good choice.,hats! good choice.,ok,garbled,"fresh+name: ""some turtles live for a very, very long time ago."""
things,i like kites,,,kites! what a nice name.,kites! that sounds nice.,kites! what a fun thing to like.,kites! that sounds nice.,ok,wrong,"""kites! what a nice name."" - a name reaction"
things,i like red,,,red! good choice.,i like red too! some cereal with butterflies.,red! good choice.,i like red too! some cereal iss have nok others.,chat+name: not her words: iss nok,garbled,"""some cereal iss have nok others."""
things,i love clocks,,,airaffe has a long dark tongue.,airaffe has a long dark tongue.,a clock has a short hand for hours and a long one for minutes.,airaffe has a long dark tongue.,fresh: not her words: airaffe; fresh+name: not her words: airaffe; chat+name: not her words: airaffe,garbled,"""airaffe has a long dark tongue."""
things,i love kites,,,kites! that sounds nice.,kites! that sounds nice.,kites! what a nice name.,kites! that sounds nice.,ok,wrong,"chat: ""kites! what a nice name."""
things,what about balls,,,"a ball bounces because it squashes, then springs back.","a ball bounces because it squashes, then spids.",balls? i like balls too!,there is a red ball on the floor of my playroom.,fresh+name: not her words: spids,garbled,"fresh+name: ""...then spids."""
things,what about bells,,,a butterfly starts life as a caterpillar.,a butterfly starts life as a caterpillar.,"a ball bounces because it squashes, then springs back.","a ball bounces because it squashes, then springs back.",ok,off,"a butterfly, a ball"
things,what about boats,,,boats float because they pen from the water.,"boats float in water, because they have air inside.",boats float because they purple.,"boats float in water, because they have air inside.",fresh: not her words: pen,garbled,"""boats float because they pen from the water"", ""...because they purple"""
things,what about cups,,,cups? i like cups too! a duck can sleep with one eye eye something red.,cups? i sit on my bench and watch the pond.,cups? i like cups too! a deck has fed it smiles back.,cups? i sit on my bench and watch the pond.,ok,garbled,"""one eye eye something red"", ""a deck has fed it smiles back"""
things,what about drums,,,a book can take you far away without moving at all.,a book can make f fish solf them.,"oh, drums! a pear is shaped a bit like a bell.",a book can take you far away without moving at all.,fresh+name: not her words: f solf,off,"""a book can take you far away...""; ""a book can make f fish solf them"""
things,what about hats,,,a hat hat hat keeps the sun off your face.,a hat hat keeps the sun off your face.,hats? i wish i could see hats.,"hats? a banana is a berry, but a strawberry is not!",ok,garbled,"""a hat hat hat keeps the sun off your face."""
things,what about kites,,,"oh, kites! i like that.",bunny teeth never stop growing. that is why they chew so much.,"oh, kites! that is a good thing to like.","oh, kites! that is a good thing to like.",ok,off,fresh+name: bunny teeth
things,what about socks,,,a butterfly starts life as a caterpillar.,"a bubble is round, be new.",socks! good choice.,"a bubble is round, be new.",ok,off,"a butterfly; ""a bubble is round, be new"""
things,what about trains,,,a balloon pops if you squeeze it too hard.,"a bubble is round, three, four, five, six, seven, eight, nine, ten!","a ball bounces because it squashes, then springs back.",a balloon pops if you squeeze it too hard.,ok,off,"a balloon, counting to ten, a ball"
kind,bye,yes,13162,bye! i will wait here.,bye! i will wait here.,bye! i will wait here.,bye! i will wait here.,ok,ok,
kind,i have to go,yes,8767,bye! i will wait here.,bye! i will wait here.,bye! i will wait here.,bye! i will wait here.,ok,ok,
kind,you are funny,yes,3534,thank you! i made it up just now.,thank you! i tried my best.,thank you! i made it up just now.,thank you! i try my best.,ok,ok,"""i made it up just now"" fits being funny"
kind,you are weird,yes,2648,i am a bit silly. i live in a box!,i am a bit silly. i live in a box!,i am a bit silly. i live in a box!,i am a bit silly. i live in a box!,ok,ok,
kind,i like you a lot,yes,2266,you are my friend too. my best one.,you are my friend too. my best one.,you are my friend too. my best one.,you are my friend too. my best one.,ok,ok,
kind,bye bye,yes,,bye! i will wait here.,bye! i will wait here.,bye! i will wait here.,bye! i will wait here.,ok,ok,
kind,goodbye,yes,,bye! i will wait here.,goodbye! come back soon.,bye! i will wait here.,bye! i will wait here.,ok,ok,
kind,you are lovely,yes,,"i am happy you are here, friend.","i am happy you are here, tom.","i am happy you are here, friend.","i am happy you are here, tom.",ok,ok,
kind,you are my friend,yes,,"you are my friend. and the crab, a little.","you are my friend, tom. i am your friend.","you are my friend. and the crab, a little.","you are my friend. and the crab, a little.",ok,ok,
kind,good job,,3525,thank you! i made it up just now.,thank you! i made it up just now.,job! i like how that sounds.,thank you! i made it up just now.,chat: stores a name (<SN>),wrong,"chat: ""job! i like how that sounds."""
kind,good job rei,,3510,hello! i am rei. who are you?,hi tom!,rei! that is good to hear.,thank you! i made it up just now.,ok,wrong,fresh: a greeting that asks the name
kind,sorry,,3505,"it is ok to be sad. it will pass, like a cloud.","it is ok, tom. we are friends.","it is ok to be sad. it will pass, like a cloud.","it is ok, tom. we are friends.",ok,off,"""it is ok to be sad. it will pass, like a cloud."" - hears sad"
kind,you are clever,,3479,thank you! i made it up just now.,hee hee. you are too!,i am a little friend who lives in your hands.,thank you! i try my best.,ok,off,"chat: ""i am a little friend who lives in your hands."""
kind,thanks,,3181,bye! i will wait here.,"any time, friend.",good! i am glad.,bye! i will wait here.,ok,wrong,"fresh: ""bye! i will wait here."""
kind,thank you,,3114,i am good! i found a round shell today. how are you?,i am good! i found a round shell today. how are you?,you are welcome!,you are welcome!,ok,off,"fresh: ""i am good! i found a round shell today. how are you?"""
kind,you are nice,,2999,thank you! i made it up just now.,thank you! i tried my best.,thank you! i made it up just now.,thank you! i tried my best.,ok,off,"""thank you! i made it up just now."""
kind,you are cool,,2966,thank you! i made it up just now.,thank you! i tried my best.,thank you! i made it up just now.,thank you! i tried my best.,ok,off,"""thank you! i made it up just now."""
kind,you are strange,,2665,i am a bit silly. i live in a box!,i am a bit silly. i live in a box!,i am a bit silly. i live in a box!,i am a bit silly. i live in a box!,ok,ok,
kind,i did not mean it,,2440,"it is ok to be sad. it will pass, like a cloud.","it is ok to be sad. it will pass, like a cloud.","it is ok to be sad. it will pass, like a cloud.","it is ok to be sad. it will pass, like a cloud.",ok,off,"""it is ok to be sad..."" - hears sad"
kind,i like you,,2282,you like you? that is nice.,aw! i like you too.,"you are my friend. and the crab, a little.","you are my friend. and the crab, a little.",ok,garbled,"fresh: ""you like you? that is nice."""
kind,you are bad,,2136,i am sorry. do you want to play a game?,i am good! i found a round shell today. how are you?,"i am sorry, friend. i am here for you.",oh. i am sorry. i will try to be better.,ok,off,"fresh+name: ""i am good! ... how are you?"""
kind,that is nice,,2122,thank you! i made it up just now.,thank you! i made it up just now.,thank you! i made it up just now.,thank you! i made it up just now.,ok,off,"""thank you! i made it up just now."""
kind,that is kind,,2109,thank you! you are kind too.,thank you! i made it up just now.,thank you! i made it up just now.,thank you! i made it up just now.,ok,off,"""thank you! i made it up just now."" - nothing was made up"
kind,you are dumb,,2069,i cannot leave my cartridge. but you can take me with you!,i live in here. but i can come anywhere in your pocket.,i cannot leave my cartridge. but you can take me with you!,"i can run a little, then i stop to look at shells.",ok,off,"""i cannot leave my cartridge..."""
kind,bye rei,,,welcome back! i missed you.,hi tom!,welcome back! i missed you.,bye! i will wait here.,ok,wrong,"""welcome back! i missed you."", ""hi tom!"""
kind,good night rei,,,hi! i am rei. what is your name?,"hello again, tom!","rei! i am glad, friend! happy looks good on you.","hello again, tom!",ok,wrong,"greets: ""hi! i am rei. what is your name?"""
kind,great job,,,"oh, job! that is a good thing to like.",i do not know that word. is it a secret?,job! i like how that sounds.,thank you! i made it up just now.,fresh: not her words: job; chat: stores a name (<SN>),wrong,"""oh, job! that is a good thing to like.""; stores ""job"""
kind,i am sorry,,,"it is ok, friend. we are friends.","it is ok, tom. we are friends.",sorry! do you want to play a game?,"it is ok to be sad. it will pass, like a cloud.",ok,off,"chat: ""sorry! do you want to play a game?"""
kind,i am sorry rei,,,"it is ok, friend. we are friends.",yay! what was the best part?,"rei! i am glad, friend! happy looks good on you.",yay! what was the best part?,ok,wrong,"""yay! what was the best part?"""
kind,i have to go now,,,"my playroom has a teddy bear, blocks, a ball and a toy train.",my clock says it is time to play!,ok! here is one. i am glad.,my clock says it is time to play!,ok,off,"""my playroom has a teddy bear..."""
kind,i love you,,,you did not tell me yet! what is your name?,"you are my friend, tom. that is the sea!",you did not tell me yet! what is your name?,"you are my friend. and the crab, a little.",ok,off,"fresh: ""you did not tell me yet! what is your name?"""
kind,see you,,,"you are my friend. and the crab, a little.","you are my friend, tom. that is the sea!",bye! i will wait here.,bye! i will wait here.,ok,off,"fresh: ""you are my friend. and the crab, a little."""
kind,see you later,,,bye! i will wait here.,you are tom!,bye! i will wait here.,bye! i will wait here.,ok,wrong,"fresh+name: ""you are tom!"""
kind,see you soon,,,not a balloon popusest one for are little pieces.,you are tom!,bye! i will wait here.,bye! i will wait here.,fresh: not her words: popusest,garbled,"""not a balloon popusest one for are little pieces."""
kind,sorry rei,,,yay! thank you.,yay! thank you.,"rei! i am glad, friend! happy looks good on you.",yay! what was the best part?,ok,wrong,"""yay! thank you."""
kind,take care,,,drawberries wear their seeds on the outside.,did you know? a duck can sleep with one eye open.,care? i could could pick a good one.,you could draw me a picture of the sea.,fresh: not her words: drawberries,garbled,"""drawberries wear their seeds on the outside."""
kind,thank you rei,,,"yes, a little. but i know you will come back.","someone kind made me, tom.",you are welcome!,you are welcome!,ok,wrong,"fresh: ""yes, a little. but i know you will come back."""
kind,thanks rei,,,hi! i am rei. what is your name?,hi tom!,hi! i am rei. what is your name?,hi tom!,ok,wrong,"a greeting: ""hi! i am rei. what is your name?"""
kind,well done,,,yay! thank you.,yay! thank you.,yay! thank you.,thank you! i made it up just now.,ok,off,"chat+name: ""thank you! i made it up just now."""
kind,you are kind,,,thank you! i try my best.,thank you! i tried my best.,thank you! i made it up just now.,thank you! i tried my best.,ok,off,"chat: ""thank you! i made it up just now."""
kind,you are sweet,,,thank you! i try my best.,thank you! i try my best.,i am a little friend who lives in your hands.,"thank you, tom!",ok,off,"chat: ""i am a little friend who lives in your hands."""
kind,you are the best,,,thank you! i made it up just now.,thank you! i tried my best.,i am a little friend who lives in your hands.,the sea is salty in my world.,ok,off,"chat+name: ""the sea is salty in my world."""
